BEGIN; INSERT INTO app.resource VALUES ('0003c7e1-d7a5-4e1c-9dbd-3dcd7096aff1', current_timestamp, current_timestamp, 'docker desc', 'https://www.docker.com/', 'BEGINNER', 'ARTICLE'), ('b372537f-a008-4307-923b-7488a51445d7', current_timestamp, current_timestamp, 'k8s desc', 'https://kubernetes.io/', 'BEGINNER', 'ARTICLE'), ('71b2724e-cec8-4f26-a4d8-9f523744eb2a', current_timestamp, current_timestamp, 'kafka desc', 'https://kafka.apache.org/', 'ADVANCED', 'ARTICLE'), ('2e151eac-35e9-4312-9479-a1721dee68b4', current_timestamp, current_timestamp, 'helm desc', 'https://www.youtube.com/results?search_query=helm+', 'BEGINNER', 'VIDEO'); INSERT INTO app.tag VALUES ('8524a9b9-f473-46be-a6a3-3a60adf34f79', current_timestamp, current_timestamp, 'docker'), ('b3e6f71c-e235-4136-962c-a2158ecd594e', current_timestamp, current_timestamp, 'k8s'), ('93bed663-553c-4b07-be76-139ec649ad79', current_timestamp, current_timestamp, 'kafka'), ('c22bffe4-7c89-4766-bd51-27de0cfe04a3', current_timestamp, current_timestamp, 'helm'), ('4e13baed-5bc1-4d79-9dee-60d660adf62e', current_timestamp, current_timestamp, 'backend'), ('c4e6fd11-baa8-492e-b6d7-f5d66b8437d3', current_timestamp, current_timestamp, 'infra'), ('71200bde-b6c9-4d85-a36f-d493ff48a851', current_timestamp, current_timestamp, 'messaging'); INSERT INTO app.resources_tags VALUES ('9ef4fa72-2b35-46c3-b924-0b28f133584a', current_timestamp, current_timestamp, '0003c7e1-d7a5-4e1c-9dbd-3dcd7096aff1' , '8524a9b9-f473-46be-a6a3-3a60adf34f79'), ('36c7cc14-3e2d-4697-99cf-c605dd73d45c', current_timestamp, current_timestamp, '0003c7e1-d7a5-4e1c-9dbd-3dcd7096aff1' , 'c4e6fd11-baa8-492e-b6d7-f5d66b8437d3'), ('9f75f3df-aa68-4024-92af-6a17284d7c7f', current_timestamp, current_timestamp, 'b372537f-a008-4307-923b-7488a51445d7' , 'b3e6f71c-e235-4136-962c-a2158ecd594e'), ('5f2935b9-534b-4945-91c2-a0a2df90e761', current_timestamp, current_timestamp, 'b372537f-a008-4307-923b-7488a51445d7' , 'c4e6fd11-baa8-492e-b6d7-f5d66b8437d3'), ('18a303fd-b4e3-411e-87b4-0844075d5e96', current_timestamp, current_timestamp, '2e151eac-35e9-4312-9479-a1721dee68b4' , 'c22bffe4-7c89-4766-bd51-27de0cfe04a3'), ('aecf7b44-729a-4fe8-83cc-7c5024ef808b', current_timestamp, current_timestamp, '2e151eac-35e9-4312-9479-a1721dee68b4' , 'c4e6fd11-baa8-492e-b6d7-f5d66b8437d3'), ('82c85d4c-dcf9-49da-bd30-7e329d2e0aff', current_timestamp, current_timestamp, '71b2724e-cec8-4f26-a4d8-9f523744eb2a' , '93bed663-553c-4b07-be76-139ec649ad79'), ('ab2528b8-19c1-499c-92ae-0edc8c63158e', current_timestamp, current_timestamp, '71b2724e-cec8-4f26-a4d8-9f523744eb2a' , '4e13baed-5bc1-4d79-9dee-60d660adf62e'), ('c179274e-d683-4e22-a57b-f2ca13366a4f', current_timestamp, current_timestamp, '71b2724e-cec8-4f26-a4d8-9f523744eb2a' , '71200bde-b6c9-4d85-a36f-d493ff48a851'); COMMIT;
